{
  "windowMonths": 6,
  "asOf": "2026-06-11T17:50:04.787Z",
  "overall": {
    "n": 199,
    "min": 0.4009027777777778,
    "max": 8964.08210648148,
    "mean": 228.2245209263912,
    "median": 23.866006944444443
  },
  "bySeverity": {
    "S1": {
      "n": 0,
      "min": 0,
      "max": 0,
      "mean": 0,
      "median": 0
    },
    "S2": {
      "n": 41,
      "min": 0.4009027777777778,
      "max": 432.1891550925926,
      "mean": 40.483090277777784,
      "median": 23.949953703703702
    },
    "S3": {
      "n": 68,
      "min": 0.6531828703703704,
      "max": 5466.122337962963,
      "mean": 325.93760110294124,
      "median": 37.79667245370371
    },
    "S4": {
      "n": 16,
      "min": 5.400891203703703,
      "max": 8964.08210648148,
      "mean": 1113.0823914930556,
      "median": 43.868865740740745
    },
    "unknown": {
      "n": 74,
      "min": 0.6956712962962963,
      "max": 700.2014814814814,
      "mean": 51.13240302802803,
      "median": 17.643952546296298
    }
  },
  "openBacklog": {
    "n": 1482,
    "min": 0.5270229976851852,
    "max": 9639.815761423612,
    "mean": 2126.6466947375784,
    "median": 948.0786838773148
  }
}