{
  "windowMonths": 6,
  "asOf": "2026-06-20T08:57:49.489Z",
  "overall": {
    "n": 205,
    "min": 0.30952546296296296,
    "max": 8964.08210648148,
    "mean": 221.57760941734415,
    "median": 25.210625
  },
  "bySeverity": {
    "S1": {
      "n": 0,
      "min": 0,
      "max": 0,
      "mean": 0,
      "median": 0
    },
    "S2": {
      "n": 43,
      "min": 0.4009027777777778,
      "max": 432.1891550925926,
      "mean": 41.127922049956936,
      "median": 29.371631944444445
    },
    "S3": {
      "n": 71,
      "min": 0.30952546296296296,
      "max": 5466.122337962963,
      "mean": 316.9495567618675,
      "median": 36.37033564814815
    },
    "S4": {
      "n": 14,
      "min": 5.400891203703703,
      "max": 8964.08210648148,
      "mean": 1221.2600752314813,
      "median": 43.868865740740745
    },
    "unknown": {
      "n": 77,
      "min": 0.8927083333333333,
      "max": 700.2014814814814,
      "mean": 52.647398689273686,
      "median": 21.312418981481482
    }
  },
  "openBacklog": {
    "n": 1350,
    "min": 0.8777834375,
    "max": 9648.446139918982,
    "mean": 1784.580140176185,
    "median": 736.0790334375
  }
}