{
  "windowMonths": 6,
  "asOf": "2026-07-13T09:27:51.374Z",
  "overall": {
    "n": 227,
    "min": 0.30952546296296296,
    "max": 8964.08210648148,
    "mean": 209.12707384973078,
    "median": 25.652951388888887
  },
  "bySeverity": {
    "S1": {
      "n": 0,
      "min": 0,
      "max": 0,
      "mean": 0,
      "median": 0
    },
    "S2": {
      "n": 47,
      "min": 0.4009027777777778,
      "max": 1247.7773726851851,
      "mean": 73.38422478329393,
      "median": 34.52959490740741
    },
    "S3": {
      "n": 83,
      "min": 0.30952546296296296,
      "max": 5466.122337962963,
      "mean": 272.5126634315038,
      "median": 25.652951388888887
    },
    "S4": {
      "n": 16,
      "min": 3.2021527777777776,
      "max": 8964.08210648148,
      "mean": 1068.6912622974537,
      "median": 29.343842592592594
    },
    "unknown": {
      "n": 81,
      "min": 0.8927083333333333,
      "max": 700.2014814814814,
      "mean": 53.15032021604937,
      "median": 23.620636574074073
    }
  },
  "openBacklog": {
    "n": 1395,
    "min": 2.764691828703704,
    "max": 9671.466995069444,
    "mean": 1746.6849002781905,
    "median": 731.7220066435185
  }
}