{
  "windowMonths": 6,
  "asOf": "2026-07-10T09:35:40.768Z",
  "overall": {
    "n": 225,
    "min": 0.30952546296296296,
    "max": 8964.08210648148,
    "mean": 209.764699845679,
    "median": 25.210625
  },
  "bySeverity": {
    "S1": {
      "n": 0,
      "min": 0,
      "max": 0,
      "mean": 0,
      "median": 0
    },
    "S2": {
      "n": 46,
      "min": 0.4009027777777778,
      "max": 1247.7773726851851,
      "mean": 70.79615514291466,
      "median": 33.86228009259259
    },
    "S3": {
      "n": 83,
      "min": 0.30952546296296296,
      "max": 5466.122337962963,
      "mean": 272.5126634315038,
      "median": 25.652951388888887
    },
    "S4": {
      "n": 16,
      "min": 3.2021527777777776,
      "max": 8964.08210648148,
      "mean": 1068.6912622974537,
      "median": 29.343842592592594
    },
    "unknown": {
      "n": 80,
      "min": 0.8927083333333333,
      "max": 700.2014814814814,
      "mean": 52.785288339120356,
      "median": 22.466527777777777
    }
  },
  "openBacklog": {
    "n": 1397,
    "min": 0.5358422222222222,
    "max": 9668.47242787037,
    "mean": 1741.4147208874842,
    "median": 714.5335621296297
  }
}