{
  "windowMonths": 6,
  "asOf": "2026-06-14T09:35:46.330Z",
  "overall": {
    "n": 207,
    "min": 0.30952546296296296,
    "max": 8964.08210648148,
    "mean": 222.23647387725887,
    "median": 23.949953703703702
  },
  "bySeverity": {
    "S1": {
      "n": 0,
      "min": 0,
      "max": 0,
      "mean": 0,
      "median": 0
    },
    "S2": {
      "n": 43,
      "min": 0.4009027777777778,
      "max": 432.1891550925926,
      "mean": 41.38583548664944,
      "median": 29.371631944444445
    },
    "S3": {
      "n": 72,
      "min": 0.30952546296296296,
      "max": 5466.122337962963,
      "mean": 312.65482622813784,
      "median": 32.75237847222222
    },
    "S4": {
      "n": 16,
      "min": 5.400891203703703,
      "max": 8964.08210648148,
      "mean": 1113.0823914930556,
      "median": 43.868865740740745
    },
    "unknown": {
      "n": 76,
      "min": 0.6956712962962963,
      "max": 700.2014814814814,
      "mean": 51.35386071515594,
      "median": 19.88848958333333
    }
  },
  "openBacklog": {
    "n": 1473,
    "min": 3.1837538194444446,
    "max": 9642.47249224537,
    "mean": 2141.890901937735,
    "median": 961.0932792824074
  }
}