{
  "windowMonths": 6,
  "asOf": "2026-06-23T09:40:13.467Z",
  "overall": {
    "n": 210,
    "min": 0.30952546296296296,
    "max": 8964.08210648148,
    "mean": 218.20218843694883,
    "median": 27.201585648148146
  },
  "bySeverity": {
    "S1": {
      "n": 0,
      "min": 0,
      "max": 0,
      "mean": 0,
      "median": 0
    },
    "S2": {
      "n": 45,
      "min": 0.4009027777777778,
      "max": 432.1891550925926,
      "mean": 44.641016975308645,
      "median": 33.194965277777776
    },
    "S3": {
      "n": 73,
      "min": 0.30952546296296296,
      "max": 5466.122337962963,
      "mean": 310.41386938736684,
      "median": 36.37033564814815
    },
    "S4": {
      "n": 14,
      "min": 5.400891203703703,
      "max": 8964.08210648148,
      "mean": 1221.2600752314813,
      "median": 43.868865740740745
    },
    "unknown": {
      "n": 78,
      "min": 0.8927083333333333,
      "max": 700.2014814814814,
      "mean": 51.9969267865622,
      "median": 21.04214699074074
    }
  },
  "openBacklog": {
    "n": 1347,
    "min": 1.9665447569444445,
    "max": 9651.475584108797,
    "mean": 1791.306108026831,
    "median": 742.4911049421296
  }
}