{
  "windowMonths": 6,
  "asOf": "2026-07-07T09:42:03.983Z",
  "overall": {
    "n": 229,
    "min": 0.30952546296296296,
    "max": 8964.08210648148,
    "mean": 208.82027848536308,
    "median": 25.652951388888887
  },
  "bySeverity": {
    "S1": {
      "n": 0,
      "min": 0,
      "max": 0,
      "mean": 0,
      "median": 0
    },
    "S2": {
      "n": 46,
      "min": 0.4009027777777778,
      "max": 1247.7773726851851,
      "mean": 70.79615514291466,
      "median": 33.86228009259259
    },
    "S3": {
      "n": 86,
      "min": 0.30952546296296296,
      "max": 5466.122337962963,
      "mean": 269.7334797588286,
      "median": 31.921637731481482
    },
    "S4": {
      "n": 16,
      "min": 3.2021527777777776,
      "max": 8964.08210648148,
      "mean": 1071.3316637731482,
      "median": 35.01753472222222
    },
    "unknown": {
      "n": 81,
      "min": 0.8927083333333333,
      "max": 700.2014814814814,
      "mean": 52.15845378943757,
      "median": 21.312418981481482
    }
  },
  "openBacklog": {
    "n": 1371,
    "min": 1.0479164699074075,
    "max": 9665.476863229167,
    "mean": 1771.410689562337,
    "median": 735.9239234143519
  }
}