{
  "windowMonths": 6,
  "asOf": "2026-07-21T08:29:18.780Z",
  "overall": {
    "n": 229,
    "min": 0.30952546296296296,
    "max": 8964.08210648148,
    "mean": 183.33357911814656,
    "median": 23.949953703703702
  },
  "bySeverity": {
    "S1": {
      "n": 0,
      "min": 0,
      "max": 0,
      "mean": 0,
      "median": 0
    },
    "S2": {
      "n": 46,
      "min": 0.4009027777777778,
      "max": 1247.7773726851851,
      "mean": 73.92586000402576,
      "median": 33.86228009259259
    },
    "S3": {
      "n": 84,
      "min": 0.30952546296296296,
      "max": 2749.891550925926,
      "mean": 205.34022032076723,
      "median": 25.431788194444444
    },
    "S4": {
      "n": 16,
      "min": 3.2021527777777776,
      "max": 8964.08210648148,
      "mean": 1068.6912622974537,
      "median": 29.343842592592594
    },
    "unknown": {
      "n": 83,
      "min": 0.8927083333333333,
      "max": 700.2014814814814,
      "mean": 51.026040411646576,
      "median": 21.312418981481482
    }
  },
  "openBacklog": {
    "n": 1420,
    "min": 0.5910043981481482,
    "max": 9679.426340046297,
    "mean": 1722.2365428208134,
    "median": 710.9079314814815
  }
}