{
  "windowMonths": 6,
  "asOf": "2026-07-14T08:05:19.457Z",
  "overall": {
    "n": 229,
    "min": 0.30952546296296296,
    "max": 8964.08210648148,
    "mean": 206.78450918850072,
    "median": 25.210625
  },
  "bySeverity": {
    "S1": {
      "n": 0,
      "min": 0,
      "max": 0,
      "mean": 0,
      "median": 0
    },
    "S2": {
      "n": 47,
      "min": 0.4009027777777778,
      "max": 1247.7773726851851,
      "mean": 73.38422478329393,
      "median": 34.52959490740741
    },
    "S3": {
      "n": 84,
      "min": 0.30952546296296296,
      "max": 5466.122337962963,
      "mean": 267.62539641203705,
      "median": 25.431788194444444
    },
    "S4": {
      "n": 16,
      "min": 3.2021527777777776,
      "max": 8964.08210648148,
      "mean": 1068.6912622974537,
      "median": 29.343842592592594
    },
    "unknown": {
      "n": 82,
      "min": 0.8927083333333333,
      "max": 700.2014814814814,
      "mean": 52.74390907294488,
      "median": 22.466527777777777
    }
  },
  "openBacklog": {
    "n": 1393,
    "min": 0.5346001967592593,
    "max": 9672.409681215278,
    "mean": 1750.081710325778,
    "median": 735.6919844560185
  }
}