{
  "windowMonths": 6,
  "asOf": "2026-07-16T08:13:40.598Z",
  "overall": {
    "n": 227,
    "min": 0.30952546296296296,
    "max": 8964.08210648148,
    "mean": 184.0482508361886,
    "median": 23.949953703703702
  },
  "bySeverity": {
    "S1": {
      "n": 0,
      "min": 0,
      "max": 0,
      "mean": 0,
      "median": 0
    },
    "S2": {
      "n": 46,
      "min": 0.4009027777777778,
      "max": 1247.7773726851851,
      "mean": 73.92586000402576,
      "median": 33.86228009259259
    },
    "S3": {
      "n": 83,
      "min": 0.30952546296296296,
      "max": 2749.891550925926,
      "mean": 204.99290314033917,
      "median": 25.210625
    },
    "S4": {
      "n": 16,
      "min": 3.2021527777777776,
      "max": 8964.08210648148,
      "mean": 1068.6912622974537,
      "median": 29.343842592592594
    },
    "unknown": {
      "n": 82,
      "min": 0.8927083333333333,
      "max": 700.2014814814814,
      "mean": 52.01088075880757,
      "median": 21.04214699074074
    }
  },
  "openBacklog": {
    "n": 1395,
    "min": 0.9157360879629629,
    "max": 9674.415481458333,
    "mean": 1748.253864605817,
    "median": 720.4766157175926
  }
}