{
  "windowMonths": 6,
  "asOf": "2026-06-24T09:31:12.821Z",
  "overall": {
    "n": 212,
    "min": 0.30952546296296296,
    "max": 8964.08210648148,
    "mean": 216.81102763583158,
    "median": 28.933125
  },
  "bySeverity": {
    "S1": {
      "n": 0,
      "min": 0,
      "max": 0,
      "mean": 0,
      "median": 0
    },
    "S2": {
      "n": 45,
      "min": 0.4009027777777778,
      "max": 432.1891550925926,
      "mean": 44.641016975308645,
      "median": 33.194965277777776
    },
    "S3": {
      "n": 73,
      "min": 0.30952546296296296,
      "max": 5466.122337962963,
      "mean": 310.41386938736684,
      "median": 36.37033564814815
    },
    "S4": {
      "n": 14,
      "min": 5.400891203703703,
      "max": 8964.08210648148,
      "mean": 1221.2600752314813,
      "median": 43.868865740740745
    },
    "unknown": {
      "n": 80,
      "min": 0.8927083333333333,
      "max": 700.2014814814814,
      "mean": 52.4654822048611,
      "median": 22.466527777777777
    }
  },
  "openBacklog": {
    "n": 1354,
    "min": 0.053076631944444445,
    "max": 9652.469326631945,
    "mean": 1782.9311940070752,
    "median": 725.9211148263889
  }
}