{
  "windowMonths": 6,
  "asOf": "2026-07-23T08:30:27.861Z",
  "overall": {
    "n": 235,
    "min": 0.30952546296296296,
    "max": 8964.08210648148,
    "mean": 179.30707574862097,
    "median": 24.463310185185186
  },
  "bySeverity": {
    "S1": {
      "n": 0,
      "min": 0,
      "max": 0,
      "mean": 0,
      "median": 0
    },
    "S2": {
      "n": 48,
      "min": 0.4009027777777778,
      "max": 1247.7773726851851,
      "mean": 71.87135175540124,
      "median": 31.28329861111111
    },
    "S3": {
      "n": 86,
      "min": 0.30952546296296296,
      "max": 2749.891550925926,
      "mean": 201.1868924956934,
      "median": 26.189126157407408
    },
    "S4": {
      "n": 17,
      "min": 3.2021527777777776,
      "max": 8964.08210648148,
      "mean": 1007.9852852668846,
      "median": 29.571655092592593
    },
    "unknown": {
      "n": 84,
      "min": 0.8927083333333333,
      "max": 700.2014814814814,
      "mean": 50.58946800595237,
      "median": 21.04214699074074
    }
  },
  "openBacklog": {
    "n": 1415,
    "min": 0.8610863541666667,
    "max": 9681.427139594907,
    "mean": 1730.1963203058754,
    "median": 713.7115724652778
  }
}