{
  "windowMonths": 6,
  "asOf": "2026-06-13T09:17:53.211Z",
  "overall": {
    "n": 206,
    "min": 0.30952546296296296,
    "max": 8964.08210648148,
    "mean": 223.1618984852571,
    "median": 23.91556134259259
  },
  "bySeverity": {
    "S1": {
      "n": 0,
      "min": 0,
      "max": 0,
      "mean": 0,
      "median": 0
    },
    "S2": {
      "n": 43,
      "min": 0.4009027777777778,
      "max": 432.1891550925926,
      "mean": 41.38583548664944,
      "median": 29.371631944444445
    },
    "S3": {
      "n": 71,
      "min": 0.30952546296296296,
      "max": 5466.122337962963,
      "mean": 316.61335892670843,
      "median": 33.90575231481481
    },
    "S4": {
      "n": 16,
      "min": 5.400891203703703,
      "max": 8964.08210648148,
      "mean": 1113.0823914930556,
      "median": 43.868865740740745
    },
    "unknown": {
      "n": 76,
      "min": 0.6956712962962963,
      "max": 700.2014814814814,
      "mean": 51.35386071515594,
      "median": 19.88848958333333
    }
  },
  "openBacklog": {
    "n": 1474,
    "min": 2.1713334606481483,
    "max": 9641.460071886575,
    "mean": 2139.4471583293594,
    "median": 960.0434167939815
  }
}