{
  "windowMonths": 6,
  "asOf": "2026-07-15T08:10:48.758Z",
  "overall": {
    "n": 228,
    "min": 0.30952546296296296,
    "max": 8964.08210648148,
    "mean": 183.45360501949318,
    "median": 24.206631944444446
  },
  "bySeverity": {
    "S1": {
      "n": 0,
      "min": 0,
      "max": 0,
      "mean": 0,
      "median": 0
    },
    "S2": {
      "n": 47,
      "min": 0.4009027777777778,
      "max": 1247.7773726851851,
      "mean": 73.38422478329393,
      "median": 34.52959490740741
    },
    "S3": {
      "n": 83,
      "min": 0.30952546296296296,
      "max": 2749.891550925926,
      "mean": 204.99290314033917,
      "median": 25.210625
    },
    "S4": {
      "n": 16,
      "min": 3.2021527777777776,
      "max": 8964.08210648148,
      "mean": 1068.6912622974537,
      "median": 29.343842592592594
    },
    "unknown": {
      "n": 82,
      "min": 0.8927083333333333,
      "max": 700.2014814814814,
      "mean": 52.01088075880757,
      "median": 21.04214699074074
    }
  },
  "openBacklog": {
    "n": 1394,
    "min": 0.7596152546296296,
    "max": 9673.413492569445,
    "mean": 1749.8168514338238,
    "median": 735.1821499768519
  }
}