{
  "windowMonths": 6,
  "asOf": "2026-07-24T08:27:45.086Z",
  "overall": {
    "n": 236,
    "min": 0.30952546296296296,
    "max": 8964.08210648148,
    "mean": 178.55233310773698,
    "median": 24.206631944444446
  },
  "bySeverity": {
    "S1": {
      "n": 0,
      "min": 0,
      "max": 0,
      "mean": 0,
      "median": 0
    },
    "S2": {
      "n": 48,
      "min": 0.4009027777777778,
      "max": 1247.7773726851851,
      "mean": 71.87135175540124,
      "median": 31.28329861111111
    },
    "S3": {
      "n": 86,
      "min": 0.30952546296296296,
      "max": 2749.891550925926,
      "mean": 201.1868924956934,
      "median": 26.189126157407408
    },
    "S4": {
      "n": 17,
      "min": 3.2021527777777776,
      "max": 8964.08210648148,
      "mean": 1007.9852852668846,
      "median": 29.571655092592593
    },
    "unknown": {
      "n": 85,
      "min": 0.8927083333333333,
      "max": 700.2014814814814,
      "mean": 50.00827205882352,
      "median": 20.771875
    }
  },
  "openBacklog": {
    "n": 1412,
    "min": 2.834445439814815,
    "max": 9682.425255625,
    "mean": 1734.8540141334197,
    "median": 714.722448912037
  }
}