{
  "windowMonths": 6,
  "asOf": "2026-07-22T08:29:41.421Z",
  "overall": {
    "n": 235,
    "min": 0.30952546296296296,
    "max": 8964.08210648148,
    "mean": 179.30707574862097,
    "median": 24.463310185185186
  },
  "bySeverity": {
    "S1": {
      "n": 0,
      "min": 0,
      "max": 0,
      "mean": 0,
      "median": 0
    },
    "S2": {
      "n": 48,
      "min": 0.4009027777777778,
      "max": 1247.7773726851851,
      "mean": 71.87135175540124,
      "median": 31.28329861111111
    },
    "S3": {
      "n": 86,
      "min": 0.30952546296296296,
      "max": 2749.891550925926,
      "mean": 201.1868924956934,
      "median": 26.189126157407408
    },
    "S4": {
      "n": 16,
      "min": 3.2021527777777776,
      "max": 8964.08210648148,
      "mean": 1068.6912622974537,
      "median": 29.343842592592594
    },
    "unknown": {
      "n": 85,
      "min": 0.8927083333333333,
      "max": 700.2014814814814,
      "mean": 50.42594076797385,
      "median": 21.312418981481482
    }
  },
  "openBacklog": {
    "n": 1415,
    "min": 0.8357919097222222,
    "max": 9680.426602094907,
    "mean": 1729.2153369054674,
    "median": 712.7110349652778
  }
}