{
  "windowMonths": 6,
  "asOf": "2026-06-12T10:15:03.686Z",
  "overall": {
    "n": 203,
    "min": 0.30952546296296296,
    "max": 8964.08210648148,
    "mean": 225.83044369184452,
    "median": 23.88116898148148
  },
  "bySeverity": {
    "S1": {
      "n": 0,
      "min": 0,
      "max": 0,
      "mean": 0,
      "median": 0
    },
    "S2": {
      "n": 41,
      "min": 0.4009027777777778,
      "max": 432.1891550925926,
      "mean": 40.483090277777784,
      "median": 23.949953703703702
    },
    "S3": {
      "n": 70,
      "min": 0.30952546296296296,
      "max": 5466.122337962963,
      "mean": 321.02230985449734,
      "median": 37.79667245370371
    },
    "S4": {
      "n": 16,
      "min": 5.400891203703703,
      "max": 8964.08210648148,
      "mean": 1113.0823914930556,
      "median": 43.868865740740745
    },
    "unknown": {
      "n": 76,
      "min": 0.6956712962962963,
      "max": 700.2014814814814,
      "mean": 51.35386071515594,
      "median": 19.88848958333333
    }
  },
  "openBacklog": {
    "n": 1477,
    "min": 1.2110380324074075,
    "max": 9640.499776458333,
    "mean": 2134.229078777538,
    "median": 952.8146028472222
  }
}