{
  "windowMonths": 6,
  "asOf": "2026-06-11T17:12:42.601Z",
  "overall": {
    "n": 198,
    "min": 0.4009027777777778,
    "max": 8964.08210648148,
    "mean": 229.07959964225589,
    "median": 23.82050347222222
  },
  "bySeverity": {
    "S1": {
      "n": 0,
      "min": 0,
      "max": 0,
      "mean": 0,
      "median": 0
    },
    "S2": {
      "n": 41,
      "min": 0.4009027777777778,
      "max": 432.1891550925926,
      "mean": 40.483090277777784,
      "median": 23.949953703703702
    },
    "S3": {
      "n": 68,
      "min": 0.6531828703703704,
      "max": 5466.122337962963,
      "mean": 325.93760110294124,
      "median": 37.79667245370371
    },
    "S4": {
      "n": 16,
      "min": 5.400891203703703,
      "max": 8964.08210648148,
      "mean": 1113.0823914930556,
      "median": 43.868865740740745
    },
    "unknown": {
      "n": 73,
      "min": 0.6956712962962963,
      "max": 700.2014814814814,
      "mean": 51.02573820395738,
      "median": 16.282800925925926
    }
  },
  "openBacklog": {
    "n": 1483,
    "min": 0.5010717708333333,
    "max": 9639.789810196758,
    "mean": 2125.2264664912427,
    "median": 944.8190463078704
  }
}