{
  "windowMonths": 6,
  "asOf": "2026-07-08T08:29:13.486Z",
  "overall": {
    "n": 230,
    "min": 0.30952546296296296,
    "max": 8964.08210648148,
    "mean": 208.03770345209338,
    "median": 27.201585648148146
  },
  "bySeverity": {
    "S1": {
      "n": 0,
      "min": 0,
      "max": 0,
      "mean": 0,
      "median": 0
    },
    "S2": {
      "n": 46,
      "min": 0.4009027777777778,
      "max": 1247.7773726851851,
      "mean": 70.79615514291466,
      "median": 33.86228009259259
    },
    "S3": {
      "n": 86,
      "min": 0.30952546296296296,
      "max": 5466.122337962963,
      "mean": 269.7334797588286,
      "median": 31.921637731481482
    },
    "S4": {
      "n": 17,
      "min": 3.2021527777777776,
      "max": 8964.08210648148,
      "mean": 1010.007920070806,
      "median": 29.571655092592593
    },
    "unknown": {
      "n": 81,
      "min": 0.8927083333333333,
      "max": 700.2014814814814,
      "mean": 52.15845378943757,
      "median": 21.312418981481482
    }
  },
  "openBacklog": {
    "n": 1386,
    "min": 0.5291838657407407,
    "max": 9666.426278773148,
    "mean": 1753.190581598023,
    "median": 734.2383621064815
  }
}