{
  "windowMonths": 6,
  "asOf": "2026-06-16T23:14:15.104Z",
  "overall": {
    "n": 205,
    "min": 0.30952546296296296,
    "max": 8964.08210648148,
    "mean": 221.4035866644083,
    "median": 24.463310185185186
  },
  "bySeverity": {
    "S1": {
      "n": 0,
      "min": 0,
      "max": 0,
      "mean": 0,
      "median": 0
    },
    "S2": {
      "n": 43,
      "min": 0.4009027777777778,
      "max": 432.1891550925926,
      "mean": 41.127922049956936,
      "median": 29.371631944444445
    },
    "S3": {
      "n": 70,
      "min": 0.30952546296296296,
      "max": 5466.122337962963,
      "mean": 320.95783134920634,
      "median": 37.79667245370371
    },
    "S4": {
      "n": 14,
      "min": 5.400891203703703,
      "max": 8964.08210648148,
      "mean": 1221.2600752314813,
      "median": 43.868865740740745
    },
    "unknown": {
      "n": 78,
      "min": 0.6956712962962963,
      "max": 700.2014814814814,
      "mean": 51.981350902184225,
      "median": 21.04214699074074
    }
  },
  "openBacklog": {
    "n": 1341,
    "min": 0.26186462962962964,
    "max": 9645.040880833334,
    "mean": 1794.5753864279022,
    "median": 748.5438785185186
  }
}