{
  "windowMonths": 6,
  "asOf": "2026-06-16T11:12:02.976Z",
  "overall": {
    "n": 206,
    "min": 0.30952546296296296,
    "max": 8964.08210648148,
    "mean": 223.13659182847897,
    "median": 23.91556134259259
  },
  "bySeverity": {
    "S1": {
      "n": 0,
      "min": 0,
      "max": 0,
      "mean": 0,
      "median": 0
    },
    "S2": {
      "n": 44,
      "min": 0.4009027777777778,
      "max": 432.1891550925926,
      "mean": 40.61086463594276,
      "median": 26.660792824074072
    },
    "S3": {
      "n": 70,
      "min": 0.30952546296296296,
      "max": 5466.122337962963,
      "mean": 320.95783134920634,
      "median": 37.79667245370371
    },
    "S4": {
      "n": 16,
      "min": 5.400891203703703,
      "max": 8964.08210648148,
      "mean": 1113.0823914930556,
      "median": 43.868865740740745
    },
    "unknown": {
      "n": 76,
      "min": 0.6956712962962963,
      "max": 700.2014814814814,
      "mean": 51.35386071515594,
      "median": 19.88848958333333
    }
  },
  "openBacklog": {
    "n": 1477,
    "min": 0.11327518518518519,
    "max": 9644.539351574074,
    "mean": 2138.1713631826296,
    "median": 956.8541779629629
  }
}