{
  "windowMonths": 6,
  "asOf": "2026-06-26T09:28:33.605Z",
  "overall": {
    "n": 214,
    "min": 0.30952546296296296,
    "max": 8964.08210648148,
    "mean": 220.6438273948598,
    "median": 28.933125
  },
  "bySeverity": {
    "S1": {
      "n": 0,
      "min": 0,
      "max": 0,
      "mean": 0,
      "median": 0
    },
    "S2": {
      "n": 46,
      "min": 0.4009027777777778,
      "max": 1247.7773726851851,
      "mean": 70.79615514291466,
      "median": 33.86228009259259
    },
    "S3": {
      "n": 73,
      "min": 0.30952546296296296,
      "max": 5466.122337962963,
      "mean": 310.41386938736684,
      "median": 36.37033564814815
    },
    "S4": {
      "n": 14,
      "min": 5.400891203703703,
      "max": 8964.08210648148,
      "mean": 1221.2600752314813,
      "median": 43.868865740740745
    },
    "unknown": {
      "n": 81,
      "min": 0.8927083333333333,
      "max": 700.2014814814814,
      "mean": 51.89262231367169,
      "median": 21.312418981481482
    }
  },
  "openBacklog": {
    "n": 1368,
    "min": 0.01905792824074074,
    "max": 9654.467483854167,
    "mean": 1765.7613521077,
    "median": 724.9304178819444
  }
}