{
  "windowMonths": 6,
  "asOf": "2026-06-18T10:21:52.590Z",
  "overall": {
    "n": 204,
    "min": 0.30952546296296296,
    "max": 8964.08210648148,
    "mean": 222.48548821033043,
    "median": 24.836967592592593
  },
  "bySeverity": {
    "S1": {
      "n": 0,
      "min": 0,
      "max": 0,
      "mean": 0,
      "median": 0
    },
    "S2": {
      "n": 43,
      "min": 0.4009027777777778,
      "max": 432.1891550925926,
      "mean": 41.127922049956936,
      "median": 29.371631944444445
    },
    "S3": {
      "n": 70,
      "min": 0.30952546296296296,
      "max": 5466.122337962963,
      "mean": 320.95783134920634,
      "median": 37.79667245370371
    },
    "S4": {
      "n": 14,
      "min": 5.400891203703703,
      "max": 8964.08210648148,
      "mean": 1221.2600752314813,
      "median": 43.868865740740745
    },
    "unknown": {
      "n": 77,
      "min": 0.8927083333333333,
      "max": 700.2014814814814,
      "mean": 52.647398689273686,
      "median": 21.312418981481482
    }
  },
  "openBacklog": {
    "n": 1341,
    "min": 1.7254929398148149,
    "max": 9646.504509143519,
    "mean": 1794.634604256342,
    "median": 747.9639767361111
  }
}