{
  "windowMonths": 6,
  "asOf": "2026-06-22T11:56:13.244Z",
  "overall": {
    "n": 207,
    "min": 0.30952546296296296,
    "max": 8964.08210648148,
    "mean": 220.27046016729287,
    "median": 25.210625
  },
  "bySeverity": {
    "S1": {
      "n": 0,
      "min": 0,
      "max": 0,
      "mean": 0,
      "median": 0
    },
    "S2": {
      "n": 44,
      "min": 0.4009027777777778,
      "max": 432.1891550925926,
      "mean": 44.071940498737376,
      "median": 31.28329861111111
    },
    "S3": {
      "n": 71,
      "min": 0.30952546296296296,
      "max": 5466.122337962963,
      "mean": 316.9495567618675,
      "median": 36.37033564814815
    },
    "S4": {
      "n": 14,
      "min": 5.400891203703703,
      "max": 8964.08210648148,
      "mean": 1221.2600752314813,
      "median": 43.868865740740745
    },
    "unknown": {
      "n": 78,
      "min": 0.8927083333333333,
      "max": 700.2014814814814,
      "mean": 51.9969267865622,
      "median": 21.04214699074074
    }
  },
  "openBacklog": {
    "n": 1349,
    "min": 1.0609866203703704,
    "max": 9650.570025972222,
    "mean": 1787.8984505168085,
    "median": 738.7712991203704
  }
}