{
  "windowMonths": 6,
  "asOf": "2026-06-29T11:01:08.934Z",
  "overall": {
    "n": 216,
    "min": 0.30952546296296296,
    "max": 8964.08210648148,
    "mean": 219.58772778420783,
    "median": 29.24383101851852
  },
  "bySeverity": {
    "S1": {
      "n": 0,
      "min": 0,
      "max": 0,
      "mean": 0,
      "median": 0
    },
    "S2": {
      "n": 46,
      "min": 0.4009027777777778,
      "max": 1247.7773726851851,
      "mean": 70.79615514291466,
      "median": 33.86228009259259
    },
    "S3": {
      "n": 75,
      "min": 0.30952546296296296,
      "max": 5466.122337962963,
      "mean": 304.9784347222222,
      "median": 41.687592592592594
    },
    "S4": {
      "n": 14,
      "min": 5.400891203703703,
      "max": 8964.08210648148,
      "mean": 1221.2600752314813,
      "median": 43.868865740740745
    },
    "unknown": {
      "n": 81,
      "min": 0.8927083333333333,
      "max": 700.2014814814814,
      "mean": 51.89262231367169,
      "median": 21.312418981481482
    }
  },
  "openBacklog": {
    "n": 1369,
    "min": 0.3331358101851852,
    "max": 9657.531781643518,
    "mean": 1766.4945817831856,
    "median": 727.9884714583334
  }
}