{
  "windowMonths": 6,
  "asOf": "2026-07-04T08:37:44.209Z",
  "overall": {
    "n": 228,
    "min": 0.30952546296296296,
    "max": 8964.08210648148,
    "mean": 209.20662686809615,
    "median": 25.431788194444444
  },
  "bySeverity": {
    "S1": {
      "n": 0,
      "min": 0,
      "max": 0,
      "mean": 0,
      "median": 0
    },
    "S2": {
      "n": 46,
      "min": 0.4009027777777778,
      "max": 1247.7773726851851,
      "mean": 70.79615514291466,
      "median": 33.86228009259259
    },
    "S3": {
      "n": 85,
      "min": 0.30952546296296296,
      "max": 5466.122337962963,
      "mean": 271.3635435729848,
      "median": 29.93752314814815
    },
    "S4": {
      "n": 15,
      "min": 3.2021527777777776,
      "max": 8964.08210648148,
      "mean": 1140.056213734568,
      "median": 29.571655092592593
    },
    "unknown": {
      "n": 82,
      "min": 0.8927083333333333,
      "max": 700.2014814814814,
      "mean": 52.14321194670279,
      "median": 22.466527777777777
    }
  },
  "openBacklog": {
    "n": 1374,
    "min": 1.8188565856481482,
    "max": 9662.432189918982,
    "mean": 1764.62910095529,
    "median": 732.8235440856481
  }
}