{
  "windowMonths": 6,
  "asOf": "2026-07-01T09:47:59.881Z",
  "overall": {
    "n": 224,
    "min": 0.30952546296296296,
    "max": 8964.08210648148,
    "mean": 212.44701022032078,
    "median": 27.201585648148146
  },
  "bySeverity": {
    "S1": {
      "n": 0,
      "min": 0,
      "max": 0,
      "mean": 0,
      "median": 0
    },
    "S2": {
      "n": 46,
      "min": 0.4009027777777778,
      "max": 1247.7773726851851,
      "mean": 70.79615514291466,
      "median": 33.86228009259259
    },
    "S3": {
      "n": 82,
      "min": 0.30952546296296296,
      "max": 5466.122337962963,
      "mean": 279.9771063403343,
      "median": 31.921637731481482
    },
    "S4": {
      "n": 14,
      "min": 5.400891203703703,
      "max": 8964.08210648148,
      "mean": 1221.2600752314813,
      "median": 43.868865740740745
    },
    "unknown": {
      "n": 82,
      "min": 0.8927083333333333,
      "max": 700.2014814814814,
      "mean": 52.14321194670279,
      "median": 22.466527777777777
    }
  },
  "openBacklog": {
    "n": 1374,
    "min": 0.47847084490740743,
    "max": 9659.480982418982,
    "mean": 1761.7583783533998,
    "median": 729.8723365856481
  }
}