{
  "windowMonths": 6,
  "asOf": "2026-07-17T08:10:20.581Z",
  "overall": {
    "n": 228,
    "min": 0.30952546296296296,
    "max": 8964.08210648148,
    "mean": 183.3616106237817,
    "median": 24.206631944444446
  },
  "bySeverity": {
    "S1": {
      "n": 0,
      "min": 0,
      "max": 0,
      "mean": 0,
      "median": 0
    },
    "S2": {
      "n": 46,
      "min": 0.4009027777777778,
      "max": 1247.7773726851851,
      "mean": 73.92586000402576,
      "median": 33.86228009259259
    },
    "S3": {
      "n": 83,
      "min": 0.30952546296296296,
      "max": 2749.891550925926,
      "mean": 204.99290314033917,
      "median": 25.210625
    },
    "S4": {
      "n": 16,
      "min": 3.2021527777777776,
      "max": 8964.08210648148,
      "mean": 1068.6912622974537,
      "median": 29.343842592592594
    },
    "unknown": {
      "n": 83,
      "min": 0.8927083333333333,
      "max": 700.2014814814814,
      "mean": 51.71550005577866,
      "median": 21.312418981481482
    }
  },
  "openBacklog": {
    "n": 1396,
    "min": 0.7390113541666666,
    "max": 9675.413166446759,
    "mean": 1747.9796920025783,
    "median": 719.0577671412037
  }
}