{
  "windowMonths": 6,
  "asOf": "2026-06-30T09:37:10.306Z",
  "overall": {
    "n": 221,
    "min": 0.30952546296296296,
    "max": 8964.08210648148,
    "mean": 214.57809493883022,
    "median": 25.652951388888887
  },
  "bySeverity": {
    "S1": {
      "n": 0,
      "min": 0,
      "max": 0,
      "mean": 0,
      "median": 0
    },
    "S2": {
      "n": 46,
      "min": 0.4009027777777778,
      "max": 1247.7773726851851,
      "mean": 70.79615514291466,
      "median": 33.86228009259259
    },
    "S3": {
      "n": 78,
      "min": 0.30952546296296296,
      "max": 5466.122337962963,
      "mean": 292.06220975783475,
      "median": 31.921637731481482
    },
    "S4": {
      "n": 14,
      "min": 5.400891203703703,
      "max": 8964.08210648148,
      "mean": 1221.2600752314813,
      "median": 43.868865740740745
    },
    "unknown": {
      "n": 83,
      "min": 0.8927083333333333,
      "max": 700.2014814814814,
      "mean": 51.64629434404283,
      "median": 21.312418981481482
    }
  },
  "openBacklog": {
    "n": 1371,
    "min": 0.4969132638888889,
    "max": 9658.473464189814,
    "mean": 1764.7747745505958,
    "median": 728.920524375
  }
}