{
  "week": "2026-W29",
  "capturedAt": "2026-07-19T08:19:18.096Z",
  "openCount": 1396,
  "openBacklog": {
    "n": 1396,
    "min": 1.9023737962962963,
    "max": 9677.419387685186,
    "mean": 1749.9694306568374,
    "median": 721.0639883796297
  },
  "openBySeverity": {
    "S1": 0,
    "S2": 108,
    "S3": 836,
    "S4": 148,
    "unknown": 304
  },
  "source": "snapshot"
}