{
  "week": "2026-W26",
  "capturedAt": "2026-06-23T09:40:13.467Z",
  "openCount": 1347,
  "openBacklog": {
    "n": 1347,
    "min": 1.9665447569444445,
    "max": 9651.475584108797,
    "mean": 1791.306108026831,
    "median": 742.4911049421296
  },
  "openBySeverity": {
    "S1": 0,
    "S2": 100,
    "S3": 807,
    "S4": 143,
    "unknown": 297
  },
  "source": "snapshot"
}