{
  "week": "2026-W24",
  "capturedAt": "2026-06-11T20:35:16.446Z",
  "openCount": 1482,
  "openBacklog": {
    "n": 1482,
    "min": 0.6417412731481481,
    "max": 9639.930479699075,
    "mean": 2126.7614130130373,
    "median": 948.1934021527778
  },
  "openBySeverity": {
    "S1": 0,
    "S2": 109,
    "S3": 918,
    "S4": 156,
    "unknown": 299
  },
  "source": "snapshot"
}