{
  "week": "2026-W25",
  "capturedAt": "2026-06-16T23:14:15.104Z",
  "openCount": 1341,
  "openBacklog": {
    "n": 1341,
    "min": 0.26186462962962964,
    "max": 9645.040880833334,
    "mean": 1794.5753864279022,
    "median": 748.5438785185186
  },
  "openBySeverity": {
    "S1": 0,
    "S2": 102,
    "S3": 803,
    "S4": 144,
    "unknown": 292
  },
  "source": "snapshot"
}