{
  "week": "2026-W26",
  "capturedAt": "2026-06-25T09:22:36.829Z",
  "openCount": 1362,
  "openBacklog": {
    "n": 1362,
    "min": 0.5317109837962963,
    "max": 9653.463354502315,
    "mean": 1773.4482268730785,
    "median": 723.9644887615741
  },
  "openBySeverity": {
    "S1": 0,
    "S2": 102,
    "S3": 816,
    "S4": 145,
    "unknown": 299
  },
  "source": "snapshot"
}