{
  "week": "2026-W24",
  "capturedAt": "2026-06-11T17:52:01.485Z",
  "openCount": 1482,
  "openBacklog": {
    "n": 1482,
    "min": 0.5283736689814815,
    "max": 9639.817112094908,
    "mean": 2126.6480454088737,
    "median": 948.0800345486111
  },
  "openBySeverity": {
    "S1": 0,
    "S2": 109,
    "S3": 918,
    "S4": 156,
    "unknown": 299
  },
  "source": "snapshot"
}