{
  "week": "2026-W26",
  "capturedAt": "2026-06-26T09:28:33.605Z",
  "openCount": 1368,
  "openBacklog": {
    "n": 1368,
    "min": 0.01905792824074074,
    "max": 9654.467483854167,
    "mean": 1765.7613521077,
    "median": 724.9304178819444
  },
  "openBySeverity": {
    "S1": 0,
    "S2": 101,
    "S3": 818,
    "S4": 145,
    "unknown": 304
  },
  "source": "snapshot"
}