{
  "week": "2026-W25",
  "capturedAt": "2026-06-16T11:12:02.976Z",
  "openCount": 1477,
  "openBacklog": {
    "n": 1477,
    "min": 0.11327518518518519,
    "max": 9644.539351574074,
    "mean": 2138.1713631826296,
    "median": 956.8541779629629
  },
  "openBySeverity": {
    "S1": 0,
    "S2": 105,
    "S3": 916,
    "S4": 156,
    "unknown": 300
  },
  "source": "snapshot"
}