{
  "week": "2026-W24",
  "capturedAt": "2026-06-11T17:31:43.412Z",
  "openCount": 1482,
  "openBacklog": {
    "n": 1482,
    "min": 0.5142756018518518,
    "max": 9639.803014027777,
    "mean": 2126.6339473417447,
    "median": 948.0659364814815
  },
  "openBySeverity": {
    "S1": 0,
    "S2": 109,
    "S3": 918,
    "S4": 156,
    "unknown": 299
  },
  "source": "snapshot"
}