{
  "week": "2026-W24",
  "capturedAt": "2026-06-11T20:32:40.039Z",
  "openCount": 1482,
  "openBacklog": {
    "n": 1482,
    "min": 0.6399310069444445,
    "max": 9639.928669432871,
    "mean": 2126.7596027468344,
    "median": 948.1915918865741
  },
  "openBySeverity": {
    "S1": 0,
    "S2": 109,
    "S3": 918,
    "S4": 156,
    "unknown": 299
  },
  "source": "snapshot"
}