{
  "week": "2026-W24",
  "capturedAt": "2026-06-11T20:05:02.528Z",
  "openCount": 1482,
  "openBacklog": {
    "n": 1482,
    "min": 0.6207468518518519,
    "max": 9639.909485277778,
    "mean": 2126.7404185917417,
    "median": 948.1724077314815
  },
  "openBySeverity": {
    "S1": 0,
    "S2": 109,
    "S3": 918,
    "S4": 156,
    "unknown": 299
  },
  "source": "snapshot"
}