{
  "week": "2026-W27",
  "capturedAt": "2026-07-01T09:47:59.881Z",
  "openCount": 1374,
  "openBacklog": {
    "n": 1374,
    "min": 0.47847084490740743,
    "max": 9659.480982418982,
    "mean": 1761.7583783533998,
    "median": 729.8723365856481
  },
  "openBySeverity": {
    "S1": 0,
    "S2": 102,
    "S3": 817,
    "S4": 148,
    "unknown": 307
  },
  "source": "snapshot"
}