{
  "week": "2026-W28",
  "capturedAt": "2026-07-08T08:29:13.486Z",
  "openCount": 1386,
  "openBacklog": {
    "n": 1386,
    "min": 0.5291838657407407,
    "max": 9666.426278773148,
    "mean": 1753.190581598023,
    "median": 734.2383621064815
  },
  "openBySeverity": {
    "S1": 0,
    "S2": 103,
    "S3": 822,
    "S4": 146,
    "unknown": 315
  },
  "source": "snapshot"
}