{
  "week": "2026-W24",
  "capturedAt": "2026-06-11T17:25:12.782Z",
  "openCount": 1483,
  "openBacklog": {
    "n": 1483,
    "min": 0.5097544212962963,
    "max": 9639.798492847221,
    "mean": 2125.2351491417076,
    "median": 944.8277289583333
  },
  "openBySeverity": {
    "S1": 0,
    "S2": 109,
    "S3": 918,
    "S4": 156,
    "unknown": 300
  },
  "source": "snapshot"
}