{
  "week": "2026-W25",
  "capturedAt": "2026-06-16T19:19:31.592Z",
  "openCount": 1342,
  "openBacklog": {
    "n": 1342,
    "min": 0.4518008333333333,
    "max": 9644.877877222223,
    "mean": 1793.107602937366,
    "median": 747.3591098611112
  },
  "openBySeverity": {
    "S1": 0,
    "S2": 102,
    "S3": 804,
    "S4": 144,
    "unknown": 292
  },
  "source": "snapshot"
}