{
  "week": "2026-W25",
  "capturedAt": "2026-06-16T19:05:11.580Z",
  "openCount": 1342,
  "openBacklog": {
    "n": 1342,
    "min": 0.44184699074074074,
    "max": 9644.86792337963,
    "mean": 1793.0976490947733,
    "median": 747.3491560185186
  },
  "openBySeverity": {
    "S1": 0,
    "S2": 102,
    "S3": 804,
    "S4": 144,
    "unknown": 292
  },
  "source": "snapshot"
}