{
  "week": "2026-W24",
  "capturedAt": "2026-06-11T17:50:04.787Z",
  "openCount": 1482,
  "openBacklog": {
    "n": 1482,
    "min": 0.5270229976851852,
    "max": 9639.815761423612,
    "mean": 2126.6466947375784,
    "median": 948.0786838773148
  },
  "openBySeverity": {
    "S1": 0,
    "S2": 109,
    "S3": 918,
    "S4": 156,
    "unknown": 299
  },
  "source": "snapshot"
}