{
  "week": "2026-W28",
  "capturedAt": "2026-07-11T07:56:40.900Z",
  "openCount": 1397,
  "openBacklog": {
    "n": 1397,
    "min": 0.7013761574074074,
    "max": 9669.403679398149,
    "mean": 1742.3193822269616,
    "median": 715.4648136574074
  },
  "openBySeverity": {
    "S1": 0,
    "S2": 103,
    "S3": 826,
    "S4": 145,
    "unknown": 323
  },
  "source": "snapshot"
}