{
  "week": "2026-W27",
  "capturedAt": "2026-06-29T11:01:08.934Z",
  "openCount": 1369,
  "openBacklog": {
    "n": 1369,
    "min": 0.3331358101851852,
    "max": 9657.531781643518,
    "mean": 1766.4945817831856,
    "median": 727.9884714583334
  },
  "openBySeverity": {
    "S1": 0,
    "S2": 101,
    "S3": 816,
    "S4": 146,
    "unknown": 306
  },
  "source": "snapshot"
}