{
  "week": "2026-W24",
  "capturedAt": "2026-06-11T19:26:18.333Z",
  "openCount": 1482,
  "openBacklog": {
    "n": 1482,
    "min": 0.5938464467592592,
    "max": 9639.882584872685,
    "mean": 2126.7135181866483,
    "median": 948.1455073263888
  },
  "openBySeverity": {
    "S1": 0,
    "S2": 109,
    "S3": 918,
    "S4": 156,
    "unknown": 299
  },
  "source": "snapshot"
}