{
  "week": "2026-W30",
  "capturedAt": "2026-07-22T08:29:41.421Z",
  "openCount": 1415,
  "openBacklog": {
    "n": 1415,
    "min": 0.8357919097222222,
    "max": 9680.426602094907,
    "mean": 1729.2153369054674,
    "median": 712.7110349652778
  },
  "openBySeverity": {
    "S1": 0,
    "S2": 107,
    "S3": 834,
    "S4": 148,
    "unknown": 326
  },
  "source": "snapshot"
}