{
  "week": "2026-W24",
  "capturedAt": "2026-06-12T10:15:03.686Z",
  "openCount": 1477,
  "openBacklog": {
    "n": 1477,
    "min": 1.2110380324074075,
    "max": 9640.499776458333,
    "mean": 2134.229078777538,
    "median": 952.8146028472222
  },
  "openBySeverity": {
    "S1": 0,
    "S2": 108,
    "S3": 917,
    "S4": 156,
    "unknown": 296
  },
  "source": "snapshot"
}