{
  "week": "2026-W24",
  "capturedAt": "2026-06-11T17:12:42.601Z",
  "openCount": 1483,
  "openBacklog": {
    "n": 1483,
    "min": 0.5010717708333333,
    "max": 9639.789810196758,
    "mean": 2125.2264664912427,
    "median": 944.8190463078704
  },
  "openBySeverity": {
    "S1": 0,
    "S2": 109,
    "S3": 918,
    "S4": 156,
    "unknown": 300
  },
  "source": "snapshot"
}