{
  "week": "2026-W26",
  "capturedAt": "2026-06-27T08:36:41.874Z",
  "openCount": 1369,
  "openBacklog": {
    "n": 1369,
    "min": 0.5898017824074074,
    "max": 9655.431468449075,
    "mean": 1765.3889526562527,
    "median": 725.8923480787037
  },
  "openBySeverity": {
    "S1": 0,
    "S2": 101,
    "S3": 818,
    "S4": 146,
    "unknown": 304
  },
  "source": "snapshot"
}