{
  "week": "2026-W25",
  "capturedAt": "2026-06-18T10:21:52.590Z",
  "openCount": 1341,
  "openBacklog": {
    "n": 1341,
    "min": 1.7254929398148149,
    "max": 9646.504509143519,
    "mean": 1794.634604256342,
    "median": 747.9639767361111
  },
  "openBySeverity": {
    "S1": 0,
    "S2": 102,
    "S3": 806,
    "S4": 143,
    "unknown": 290
  },
  "source": "snapshot"
}