{
  "week": "2026-W24",
  "capturedAt": "2026-06-11T19:17:55.772Z",
  "openCount": 1482,
  "openBacklog": {
    "n": 1482,
    "min": 0.5880297685185185,
    "max": 9639.876768194445,
    "mean": 2126.7077015084087,
    "median": 948.1396906481482
  },
  "openBySeverity": {
    "S1": 0,
    "S2": 109,
    "S3": 918,
    "S4": 156,
    "unknown": 299
  },
  "source": "snapshot"
}