{
  "week": "2026-W27",
  "capturedAt": "2026-07-02T08:57:36.837Z",
  "openCount": 1374,
  "openBacklog": {
    "n": 1374,
    "min": 0.5775791319444444,
    "max": 9660.445993483796,
    "mean": 1762.655810000185,
    "median": 730.837347650463
  },
  "openBySeverity": {
    "S1": 0,
    "S2": 102,
    "S3": 815,
    "S4": 148,
    "unknown": 309
  },
  "source": "snapshot"
}