{
  "week": "2026-W25",
  "capturedAt": "2026-06-19T10:27:25.274Z",
  "openCount": 1346,
  "openBacklog": {
    "n": 1346,
    "min": 0.038405949074074075,
    "max": 9647.508359652778,
    "mean": 1788.9430643419125,
    "median": 740.3806571064815
  },
  "openBySeverity": {
    "S1": 0,
    "S2": 102,
    "S3": 807,
    "S4": 143,
    "unknown": 294
  },
  "source": "snapshot"
}