{
  "week": "2026-W27",
  "capturedAt": "2026-06-30T09:37:10.306Z",
  "openCount": 1371,
  "openBacklog": {
    "n": 1371,
    "min": 0.4969132638888889,
    "max": 9658.473464189814,
    "mean": 1764.7747745505958,
    "median": 728.920524375
  },
  "openBySeverity": {
    "S1": 0,
    "S2": 102,
    "S3": 819,
    "S4": 147,
    "unknown": 303
  },
  "source": "snapshot"
}