{
  "week": "2026-W30",
  "capturedAt": "2026-07-21T08:29:18.780Z",
  "openCount": 1420,
  "openBacklog": {
    "n": 1420,
    "min": 0.5910043981481482,
    "max": 9679.426340046297,
    "mean": 1722.2365428208134,
    "median": 710.9079314814815
  },
  "openBySeverity": {
    "S1": 0,
    "S2": 108,
    "S3": 837,
    "S4": 148,
    "unknown": 327
  },
  "source": "snapshot"
}