{
  "week": "2026-W24",
  "capturedAt": "2026-06-14T09:35:46.330Z",
  "openCount": 1473,
  "openBacklog": {
    "n": 1473,
    "min": 3.1837538194444446,
    "max": 9642.47249224537,
    "mean": 2141.890901937735,
    "median": 961.0932792824074
  },
  "openBySeverity": {
    "S1": 0,
    "S2": 106,
    "S3": 915,
    "S4": 156,
    "unknown": 296
  },
  "source": "snapshot"
}