{
  "week": "2026-W28",
  "capturedAt": "2026-07-09T09:40:09.165Z",
  "openCount": 1389,
  "openBacklog": {
    "n": 1389,
    "min": 0.5250250578703703,
    "max": 9667.47553431713,
    "mean": 1750.4444032492822,
    "median": 734.9513907986111
  },
  "openBySeverity": {
    "S1": 0,
    "S2": 103,
    "S3": 825,
    "S4": 146,
    "unknown": 315
  },
  "source": "snapshot"
}