{
  "week": "2026-W30",
  "capturedAt": "2026-07-24T08:27:45.086Z",
  "openCount": 1412,
  "openBacklog": {
    "n": 1412,
    "min": 2.834445439814815,
    "max": 9682.425255625,
    "mean": 1734.8540141334197,
    "median": 714.722448912037
  },
  "openBySeverity": {
    "S1": 0,
    "S2": 108,
    "S3": 834,
    "S4": 148,
    "unknown": 322
  },
  "source": "snapshot"
}