{
  "week": "2026-W26",
  "capturedAt": "2026-06-22T11:56:13.244Z",
  "openCount": 1349,
  "openBacklog": {
    "n": 1349,
    "min": 1.0609866203703704,
    "max": 9650.570025972222,
    "mean": 1787.8984505168085,
    "median": 738.7712991203704
  },
  "openBySeverity": {
    "S1": 0,
    "S2": 101,
    "S3": 807,
    "S4": 143,
    "unknown": 298
  },
  "source": "snapshot"
}