{
  "week": "2026-W29",
  "capturedAt": "2026-07-17T08:10:20.581Z",
  "openCount": 1396,
  "openBacklog": {
    "n": 1396,
    "min": 0.7390113541666666,
    "max": 9675.413166446759,
    "mean": 1747.9796920025783,
    "median": 719.0577671412037
  },
  "openBySeverity": {
    "S1": 0,
    "S2": 108,
    "S3": 834,
    "S4": 148,
    "unknown": 306
  },
  "source": "snapshot"
}