{
  "week": "2026-W29",
  "capturedAt": "2026-07-15T08:10:48.758Z",
  "openCount": 1394,
  "openBacklog": {
    "n": 1394,
    "min": 0.7596152546296296,
    "max": 9673.413492569445,
    "mean": 1749.8168514338238,
    "median": 735.1821499768519
  },
  "openBySeverity": {
    "S1": 0,
    "S2": 108,
    "S3": 830,
    "S4": 147,
    "unknown": 309
  },
  "source": "snapshot"
}