{
  "week": "2026-W28",
  "capturedAt": "2026-07-10T09:35:40.768Z",
  "openCount": 1397,
  "openBacklog": {
    "n": 1397,
    "min": 0.5358422222222222,
    "max": 9668.47242787037,
    "mean": 1741.4147208874842,
    "median": 714.5335621296297
  },
  "openBySeverity": {
    "S1": 0,
    "S2": 103,
    "S3": 827,
    "S4": 146,
    "unknown": 321
  },
  "source": "snapshot"
}