{
  "week": "2026-W29",
  "capturedAt": "2026-07-14T08:05:19.457Z",
  "openCount": 1393,
  "openBacklog": {
    "n": 1393,
    "min": 0.5346001967592593,
    "max": 9672.409681215278,
    "mean": 1750.081710325778,
    "median": 735.6919844560185
  },
  "openBySeverity": {
    "S1": 0,
    "S2": 105,
    "S3": 828,
    "S4": 147,
    "unknown": 313
  },
  "source": "snapshot"
}