{
  "week": "2026-W28",
  "capturedAt": "2026-07-07T09:42:03.983Z",
  "openCount": 1371,
  "openBacklog": {
    "n": 1371,
    "min": 1.0479164699074075,
    "max": 9665.476863229167,
    "mean": 1771.410689562337,
    "median": 735.9239234143519
  },
  "openBySeverity": {
    "S1": 0,
    "S2": 103,
    "S3": 820,
    "S4": 146,
    "unknown": 302
  },
  "source": "snapshot"
}