{
  "week": "2026-W26",
  "capturedAt": "2026-06-24T09:31:12.821Z",
  "openCount": 1354,
  "openBacklog": {
    "n": 1354,
    "min": 0.053076631944444445,
    "max": 9652.469326631945,
    "mean": 1782.9311940070752,
    "median": 725.9211148263889
  },
  "openBySeverity": {
    "S1": 0,
    "S2": 100,
    "S3": 810,
    "S4": 143,
    "unknown": 301
  },
  "source": "snapshot"
}