{
  "week": "2026-W25",
  "capturedAt": "2026-06-15T12:16:01.709Z",
  "openCount": 1476,
  "openBacklog": {
    "n": 1476,
    "min": 0.0031447800925925927,
    "max": 9643.583781354168,
    "mean": 2138.6465103263627,
    "median": 959.0141459375
  },
  "openBySeverity": {
    "S1": 0,
    "S2": 106,
    "S3": 915,
    "S4": 156,
    "unknown": 299
  },
  "source": "snapshot"
}