{
  "week": "2026-W29",
  "capturedAt": "2026-07-18T07:50:31.538Z",
  "openCount": 1395,
  "openBacklog": {
    "n": 1395,
    "min": 1.7252492824074075,
    "max": 9676.399404375,
    "mean": 1750.2025420110672,
    "median": 722.4605386342593
  },
  "openBySeverity": {
    "S1": 0,
    "S2": 108,
    "S3": 835,
    "S4": 148,
    "unknown": 304
  },
  "source": "snapshot"
}