{
  "week": "2026-W27",
  "capturedAt": "2026-07-04T08:37:44.209Z",
  "openCount": 1374,
  "openBacklog": {
    "n": 1374,
    "min": 1.8188565856481482,
    "max": 9662.432189918982,
    "mean": 1764.62910095529,
    "median": 732.8235440856481
  },
  "openBySeverity": {
    "S1": 0,
    "S2": 102,
    "S3": 813,
    "S4": 147,
    "unknown": 312
  },
  "source": "snapshot"
}