{
  "week": "2026-W29",
  "capturedAt": "2026-07-16T08:13:40.598Z",
  "openCount": 1395,
  "openBacklog": {
    "n": 1395,
    "min": 0.9157360879629629,
    "max": 9674.415481458333,
    "mean": 1748.253864605817,
    "median": 720.4766157175926
  },
  "openBySeverity": {
    "S1": 0,
    "S2": 107,
    "S3": 832,
    "S4": 148,
    "unknown": 308
  },
  "source": "snapshot"
}