{
  "week": "2026-W27",
  "capturedAt": "2026-07-03T09:19:02.079Z",
  "openCount": 1374,
  "openBacklog": {
    "n": 1374,
    "min": 0.847535636574074,
    "max": 9661.460868969907,
    "mean": 1763.6577800062175,
    "median": 731.8522231365741
  },
  "openBySeverity": {
    "S1": 0,
    "S2": 102,
    "S3": 813,
    "S4": 147,
    "unknown": 312
  },
  "source": "snapshot"
}