{
  "week": "2026-W24",
  "capturedAt": "2026-06-11T19:31:01.026Z",
  "openCount": 1482,
  "openBacklog": {
    "n": 1482,
    "min": 0.5971183564814815,
    "max": 9639.885856782408,
    "mean": 2126.7167900963723,
    "median": 948.1487792361111
  },
  "openBySeverity": {
    "S1": 0,
    "S2": 109,
    "S3": 918,
    "S4": 156,
    "unknown": 299
  },
  "source": "snapshot"
}