{
  "week": "2026-W30",
  "capturedAt": "2026-07-23T08:30:27.861Z",
  "openCount": 1415,
  "openBacklog": {
    "n": 1415,
    "min": 0.8610863541666667,
    "max": 9681.427139594907,
    "mean": 1730.1963203058754,
    "median": 713.7115724652778
  },
  "openBySeverity": {
    "S1": 0,
    "S2": 109,
    "S3": 835,
    "S4": 148,
    "unknown": 323
  },
  "source": "snapshot"
}