{
  "week": "2026-W25",
  "capturedAt": "2026-06-17T10:58:02.178Z",
  "openCount": 1341,
  "openBacklog": {
    "n": 1341,
    "min": 0.750603912037037,
    "max": 9645.529620115742,
    "mean": 1795.0641257103077,
    "median": 749.0326178009259
  },
  "openBySeverity": {
    "S1": 0,
    "S2": 102,
    "S3": 803,
    "S4": 144,
    "unknown": 292
  },
  "source": "snapshot"
}