{
  "week": "2026-W30",
  "capturedAt": "2026-07-20T08:58:37.852Z",
  "openCount": 1396,
  "openBacklog": {
    "n": 1396,
    "min": 2.929685787037037,
    "max": 9678.446699675926,
    "mean": 1750.9967426475785,
    "median": 722.0913003703704
  },
  "openBySeverity": {
    "S1": 0,
    "S2": 108,
    "S3": 836,
    "S4": 148,
    "unknown": 304
  },
  "source": "snapshot"
}