{
  "week": "2026-W24",
  "capturedAt": "2026-06-13T09:17:53.211Z",
  "openCount": 1474,
  "openBacklog": {
    "n": 1474,
    "min": 2.1713334606481483,
    "max": 9641.460071886575,
    "mean": 2139.4471583293594,
    "median": 960.0434167939815
  },
  "openBySeverity": {
    "S1": 0,
    "S2": 106,
    "S3": 916,
    "S4": 156,
    "unknown": 296
  },
  "source": "snapshot"
}