{
  "week": "2026-W28",
  "capturedAt": "2026-07-12T08:18:35.631Z",
  "openCount": 1395,
  "openBacklog": {
    "n": 1395,
    "min": 1.716592951388889,
    "max": 9670.41889619213,
    "mean": 1745.6368014008774,
    "median": 730.6739077662037
  },
  "openBySeverity": {
    "S1": 0,
    "S2": 102,
    "S3": 826,
    "S4": 145,
    "unknown": 322
  },
  "source": "snapshot"
}