{
  "week": "2026-W26",
  "capturedAt": "2026-06-28T08:52:40.554Z",
  "openCount": 1368,
  "openBacklog": {
    "n": 1368,
    "min": 1.6008976157407406,
    "max": 9656.442564282408,
    "mean": 1767.590788338884,
    "median": 726.9054983101852
  },
  "openBySeverity": {
    "S1": 0,
    "S2": 101,
    "S3": 817,
    "S4": 146,
    "unknown": 304
  },
  "source": "snapshot"
}