{
  "week": "2026-W24",
  "capturedAt": "2026-06-11T21:22:26.824Z",
  "openCount": 1482,
  "openBacklog": {
    "n": 1482,
    "min": 0.6745002777777778,
    "max": 9639.963238703704,
    "mean": 2126.7941720176677,
    "median": 948.2261611574074
  },
  "openBySeverity": {
    "S1": 0,
    "S2": 109,
    "S3": 918,
    "S4": 156,
    "unknown": 299
  },
  "source": "snapshot"
}