{
  "week": "2026-W24",
  "capturedAt": "2026-06-11T17:36:18.303Z",
  "openCount": 1482,
  "openBacklog": {
    "n": 1482,
    "min": 0.5174572106481482,
    "max": 9639.806195636575,
    "mean": 2126.6371289505378,
    "median": 948.0691180902778
  },
  "openBySeverity": {
    "S1": 0,
    "S2": 109,
    "S3": 918,
    "S4": 156,
    "unknown": 299
  },
  "source": "snapshot"
}