{
  "week": "2026-W27",
  "capturedAt": "2026-07-05T08:53:26.922Z",
  "openCount": 1374,
  "openBacklog": {
    "n": 1374,
    "min": 2.8297676157407405,
    "max": 9663.443100949075,
    "mean": 1765.6400119853843,
    "median": 733.8344551157406
  },
  "openBySeverity": {
    "S1": 0,
    "S2": 102,
    "S3": 813,
    "S4": 147,
    "unknown": 312
  },
  "source": "snapshot"
}