{
  "week": "2026-W28",
  "capturedAt": "2026-07-06T10:23:08.375Z",
  "openCount": 1373,
  "openBacklog": {
    "n": 1373,
    "min": 3.892052951388889,
    "max": 9664.505386284722,
    "mean": 1767.9849157181059,
    "median": 734.9007335069444
  },
  "openBySeverity": {
    "S1": 0,
    "S2": 102,
    "S3": 813,
    "S4": 147,
    "unknown": 311
  },
  "source": "snapshot"
}