{
  "week": "2026-W25",
  "capturedAt": "2026-06-20T08:57:49.489Z",
  "openCount": 1350,
  "openBacklog": {
    "n": 1350,
    "min": 0.8777834375,
    "max": 9648.446139918982,
    "mean": 1784.580140176185,
    "median": 736.0790334375
  },
  "openBySeverity": {
    "S1": 0,
    "S2": 102,
    "S3": 807,
    "S4": 143,
    "unknown": 298
  },
  "source": "snapshot"
}