{
  "week": "2026-W25",
  "capturedAt": "2026-06-21T09:51:30.433Z",
  "openCount": 1348,
  "openBacklog": {
    "n": 1348,
    "min": 1.9150628819444444,
    "max": 9649.483419363425,
    "mean": 1788.137390988055,
    "median": 739.0918163541667
  },
  "openBySeverity": {
    "S1": 0,
    "S2": 101,
    "S3": 807,
    "S4": 143,
    "unknown": 297
  },
  "source": "snapshot"
}