{
  "week": "2026-W24",
  "capturedAt": "2026-06-11T20:54:00.590Z",
  "openCount": 1482,
  "openBacklog": {
    "n": 1482,
    "min": 0.6547521990740741,
    "max": 9639.943490625,
    "mean": 2126.7744239389663,
    "median": 948.2064130787037
  },
  "openBySeverity": {
    "S1": 0,
    "S2": 109,
    "S3": 918,
    "S4": 156,
    "unknown": 299
  },
  "source": "snapshot"
}